Workbook

Sheet experiment_data
A1: user_id | B1: signup_date | C1: experiment_group | D1: region | E1: device_type | F1: traffic_source | G1: plan_type | H1: visited_landing_page | I1: started_trial | J1: completed_onboarding | K1: converted_to_paid | L1: revenue_30d | M1: support_tickets_30d | N1: refund_requested | O1: days_to_convert | P1: engagement_score | Q1: duplicate_check | R1: Landing Validation | S1: Trial Validation | T1: Onboarding Validation | U1: Conversion Validation | V1: Refund Validation | W1: revenue_outlier_check
A2: USR-100001 | B2: 45732 | C2: Control | D2: North | E2: Desktop | F2: Email | G2: Basic | H2: 0 | I2: 0 | J2: 0 | K2: 0 | L2: 0 | M2: 0 | N2: 0 | P2: 45.7 | Q2: =IF(COUNTIF($A$2:A2,A2)>1,"Duplicate","Unique") -> Unique | R2: =IF(OR(H2=0,H2=1),"Valid","Invalid") -> Valid | S2: =IF(OR(I2=0,I2=1),"Valid","Invalid") -> Valid | T2: =IF(OR(J2=0,J2=1),"Valid","Invalid") -> Valid | U2: =IF(OR(K2=0,K2=1),"Valid","Invalid") -> Valid | V2: =IF(OR(N2=0,N2=1),"Valid","Invalid") -> Valid | W2: =IF(OR(L2<$B$23,L2>$B$24),"Outlier","Normal") -> Outlier
A3: USR-100002 | B3: 45724 | C3: Control | D3: West | E3: Mobile | F3: Organic | G3: Free | H3: 1 | I3: 0 | J3: 0 | K3: 0 | L3: 0 | M3: 0 | N3: 0 | P3: 48.6 | Q3: =IF(COUNTIF($A$2:A3,A3)>1,"Duplicate","Unique") -> Unique | R3: =IF(OR(H3=0,H3=1),"Valid","Invalid") -> Valid | S3: =IF(OR(I3=0,I3=1),"Valid","Invalid") -> Valid | T3: =IF(OR(J3=0,J3=1),"Valid","Invalid") -> Valid | U3: =IF(OR(K3=0,K3=1),"Valid","Invalid") -> Valid | V3: =IF(OR(N3=0,N3=1),"Valid","Invalid") -> Valid | W3: =IF(OR(L3<$B$23,L3>$B$24),"Outlier","Normal") -> Outlier
A4: USR-100003 | B4: 45771 | C4: Control | D4: East | E4: Mobile | F4: Paid Search | G4: Premium | H4: 1 | I4: 0 | J4: 0 | K4: 0 | L4: 0 | M4: 1 | N4: 0 | P4: 35.4 | Q4: =IF(COUNTIF($A$2:A4,A4)>1,"Duplicate","Unique") -> Unique | R4: =IF(OR(H4=0,H4=1),"Valid","Invalid") -> Valid | S4: =IF(OR(I4=0,I4=1),"Valid","Invalid") -> Valid | T4: =IF(OR(J4=0,J4=1),"Valid","Invalid") -> Valid | U4: =IF(OR(K4=0,K4=1),"Valid","Invalid") -> Valid | V4: =IF(OR(N4=0,N4=1),"Valid","Invalid") -> Valid | W4: =IF(OR(L4<$B$23,L4>$B$24),"Outlier","Normal") -> Outlier
A5: USR-100004 | B5: 45781 | C5: Control | D5: South | E5: Mobile | F5: Email | G5: Basic | H5: 1 | I5: 0 | J5: 0 | K5: 0 | L5: 0 | M5: 0 | N5: 0 | P5: 64.6 | Q5: =IF(COUNTIF($A$2:A5,A5)>1,"Duplicate","Unique") -> Unique | R5: =IF(OR(H5=0,H5=1),"Valid","Invalid") -> Valid | S5: =IF(OR(I5=0,I5=1),"Valid","Invalid") -> Valid | T5: =IF(OR(J5=0,J5=1),"Valid","Invalid") -> Valid | U5: =IF(OR(K5=0,K5=1),"Valid","Invalid") -> Valid | V5: =IF(OR(N5=0,N5=1),"Valid","Invalid") -> Valid | W5: =IF(OR(L5<$B$23,L5>$B$24),"Outlier","Normal") -> Outlier
A6: USR-100005 | B6: 45700 | C6: Control | D6: North | E6: Tablet | F6: Organic | G6: Free | H6: 0 | I6: 0 | J6: 0 | K6: 0 | L6: 0 | M6: 0 | N6: 0 | P6: 66.6 | Q6: =IF(COUNTIF($A$2:A6,A6)>1,"Duplicate","Unique") -> Unique | R6: =IF(OR(H6=0,H6=1),"Valid","Invalid") -> Valid | S6: =IF(OR(I6=0,I6=1),"Valid","Invalid") -> Valid | T6: =IF(OR(J6=0,J6=1),"Valid","Invalid") -> Valid | U6: =IF(OR(K6=0,K6=1),"Valid","Invalid") -> Valid | V6: =IF(OR(N6=0,N6=1),"Valid","Invalid") -> Valid | W6: =IF(OR(L6<$B$23,L6>$B$24),"Outlier","Normal") -> Outlier
A7: USR-100006 | B7: 45685 | C7: Control | D7: East | E7: Mobile | F7: Organic | G7: Premium | H7: 1 | I7: 0 | J7: 0 | K7: 0 | L7: 0 | M7: 0 | N7: 0 | P7: 40.8 | Q7: =IF(COUNTIF($A$2:A7,A7)>1,"Duplicate","Unique") -> Unique | R7: =IF(OR(H7=0,H7=1),"Valid","Invalid") -> Valid | S7: =IF(OR(I7=0,I7=1),"Valid","Invalid") -> Valid | T7: =IF(OR(J7=0,J7=1),"Valid","Invalid") -> Valid | U7: =IF(OR(K7=0,K7=1),"Valid","Invalid") -> Valid | V7: =IF(OR(N7=0,N7=1),"Valid","Invalid") -> Valid | W7: =IF(OR(L7<$B$23,L7>$B$24),"Outlier","Normal") -> Outlier
A8: USR-100007 | B8: 45755 | C8: Control | D8: East | E8: Mobile | F8: Paid Search | G8: Basic | H8: 1 | I8: 1 | J8: 0 | K8: 0 | L8: 0 | M8: 0 | N8: 0 | P8: 57.1 | Q8: =IF(COUNTIF($A$2:A8,A8)>1,"Duplicate","Unique") -> Unique | R8: =IF(OR(H8=0,H8=1),"Valid","Invalid") -> Valid | S8: =IF(OR(I8=0,I8=1),"Valid","Invalid") -> Valid | T8: =IF(OR(J8=0,J8=1),"Valid","Invalid") -> Valid | U8: =IF(OR(K8=0,K8=1),"Valid","Invalid") -> Valid | V8: =IF(OR(N8=0,N8=1),"Valid","Invalid") -> Valid | W8: =IF(OR(L8<$B$23,L8>$B$24),"Outlier","Normal") -> Outlier
A9: USR-100008 | B9: 45794 | C9: Control | D9: South | E9: Mobile | F9: Paid Search | G9: Free | H9: 0 | I9: 0 | J9: 0 | K9: 0 | L9: 0 | M9: 0 | N9: 0 | P9: 36.4 | Q9: =IF(COUNTIF($A$2:A9,A9)>1,"Duplicate","Unique") -> Unique | R9: =IF(OR(H9=0,H9=1),"Valid","Invalid") -> Valid | S9: =IF(OR(I9=0,I9=1),"Valid","Invalid") -> Valid | T9: =IF(OR(J9=0,J9=1),"Valid","Invalid") -> Valid | U9: =IF(OR(K9=0,K9=1),"Valid","Invalid") -> Valid | V9: =IF(OR(N9=0,N9=1),"Valid","Invalid") -> Valid | W9: =IF(OR(L9<$B$23,L9>$B$24),"Outlier","Normal") -> Outlier
A10: USR-100009 | B10: 45711 | C10: Control | D10: South | E10: Tablet | F10: Referral | G10: Basic | H10: 0 | I10: 0 | J10: 0 | K10: 0 | L10: 0 | M10: 0 | N10: 0 | P10: 55.4 | Q10: =IF(COUNTIF($A$2:A10,A10)>1,"Duplicate","Unique") -> Unique | R10: =IF(OR(H10=0,H10=1),"Valid","Invalid") -> Valid | S10: =IF(OR(I10=0,I10=1),"Valid","Invalid") -> Valid | T10: =IF(OR(J10=0,J10=1),"Valid","Invalid") -> Valid | U10: =IF(OR(K10=0,K10=1),"Valid","Invalid") -> Valid | V10: =IF(OR(N10=0,N10=1),"Valid","Invalid") -> Valid | W10: =IF(OR(L10<$B$23,L10>$B$24),"Outlier","Normal") -> Outlier
A11: USR-100010 | B11: 45806 | C11: Control | D11: West | E11: Desktop | F11: Social | G11: Free | H11: 1 | I11: 0 | J11: 0 | K11: 0 | L11: 0 | M11: 0 | N11: 0 | P11: 57.3 | Q11: =IF(COUNTIF($A$2:A11,A11)>1,"Duplicate","Unique") -> Unique | R11: =IF(OR(H11=0,H11=1),"Valid","Invalid") -> Valid | S11: =IF(OR(I11=0,I11=1),"Valid","Invalid") -> Valid | T11: =IF(OR(J11=0,J11=1),"Valid","Invalid") -> Valid | U11: =IF(OR(K11=0,K11=1),"Valid","Invalid") -> Valid | V11: =IF(OR(N11=0,N11=1),"Valid","Invalid") -> Valid | W11: =IF(OR(L11<$B$23,L11>$B$24),"Outlier","Normal") -> Outlier
A12: USR-100011 | B12: 45777 | C12: Control | D12: East | E12: Mobile | F12: Paid Search | G12: Basic | H12: 1 | I12: 1 | J12: 1 | K12: 0 | L12: 0 | M12: 0 | N12: 0 | P12: 63.6 | Q12: =IF(COUNTIF($A$2:A12,A12)>1,"Duplicate","Unique") -> Unique | R12: =IF(OR(H12=0,H12=1),"Valid","Invalid") -> Valid | S12: =IF(OR(I12=0,I12=1),"Valid","Invalid") -> Valid | T12: =IF(OR(J12=0,J12=1),"Valid","Invalid") -> Valid | U12: =IF(OR(K12=0,K12=1),"Valid","Invalid") -> Valid | V12: =IF(OR(N12=0,N12=1),"Valid","Invalid") -> Valid | W12: =IF(OR(L12<$B$23,L12>$B$24),"Outlier","Normal") -> Outlier
A13: USR-100012 | B13: 45732 | C13: Control | D13: East | E13: Mobile | F13: Social | G13: Premium | H13: 1 | I13: 1 | J13: 1 | K13: 0 | L13: 0 | M13: 1 | N13: 0 | P13: 80.4 | Q13: =IF(COUNTIF($A$2:A13,A13)>1,"Duplicate","Unique") -> Unique | R13: =IF(OR(H13=0,H13=1),"Valid","Invalid") -> Valid | S13: =IF(OR(I13=0,I13=1),"Valid","Invalid") -> Valid | T13: =IF(OR(J13=0,J13=1),"Valid","Invalid") -> Valid | U13: =IF(OR(K13=0,K13=1),"Valid","Invalid") -> Valid | V13: =IF(OR(N13=0,N13=1),"Valid","Invalid") -> Valid | W13: =IF(OR(L13<$B$23,L13>$B$24),"Outlier","Normal") -> Outlier
... A60: USR-100059 | B60: 45761 | C60: Control | D60: North | E60: Mobile | F60: Social | G60: Free | H60: 0 | I60: 0 | J60: 0 | K60: 0 | L60: 0 | M60: 2 | N60: 0 | P60: 48.9 | Q60: =IF(COUNTIF($A$2:A60,A60)>1,"Duplicate","Unique") -> Unique | R60: =IF(OR(H60=0,H60=1),"Valid","Invalid") -> Valid | S60: =IF(OR(I60=0,I60=1),"Valid","Invalid") -> Valid | T60: =IF(OR(J60=0,J60=1),"Valid","Invalid") -> Valid | U60: =IF(OR(K60=0,K60=1),"Valid","Invalid") -> Valid | V60: =IF(OR(N60=0,N60=1),"Valid","Invalid") -> Valid | W60: =IF(OR(L60<$B$23,L60>$B$24),"Outlier","Normal") -> Outlier
A61: USR-100060 | B61: 45658 | C61: Control | D61: West | E61: Mobile | F61: Social | G61: Free | H61: 1 | I61: 1 | J61: 1 | K61: 1 | L61: 240.42 | M61: 0 | N61: 0 | O61: 16 | P61: 56.5 | Q61: =IF(COUNTIF($A$2:A61,A61)>1,"Duplicate","Unique") -> Unique | R61: =IF(OR(H61=0,H61=1),"Valid","Invalid") -> Valid | S61: =IF(OR(I61=0,I61=1),"Valid","Invalid") -> Valid | T61: =IF(OR(J61=0,J61=1),"Valid","Invalid") -> Valid | U61: =IF(OR(K61=0,K61=1),"Valid","Invalid") -> Valid | V61: =IF(OR(N61=0,N61=1),"Valid","Invalid") -> Valid | W61: =IF(OR(L61<$B$23,L61>$B$24),"Outlier","Normal") -> Outlier
A62: USR-100061 | B62: 45749 | C62: Control | D62: South | E62: Mobile | F62: Referral | G62: Free | H62: 1 | I62: 0 | J62: 0 | K62: 0 | L62: 0 | M62: 0 | N62: 0 | P62: 53.7 | Q62: =IF(COUNTIF($A$2:A62,A62)>1,"Duplicate","Unique") -> Unique | R62: =IF(OR(H62=0,H62=1),"Valid","Invalid") -> Valid | S62: =IF(OR(I62=0,I62=1),"Valid","Invalid") -> Valid | T62: =IF(OR(J62=0,J62=1),"Valid","Invalid") -> Valid | U62: =IF(OR(K62=0,K62=1),"Valid","Invalid") -> Valid | V62: =IF(OR(N62=0,N62=1),"Valid","Invalid") -> Valid | W62: =IF(OR(L62<$B$23,L62>$B$24),"Outlier","Normal") -> Outlier
A63: USR-100062 | B63: 45745 | C63: Control | D63: North | E63: Mobile | F63: Social | G63: Premium | H63: 0 | I63: 0 | J63: 0 | K63: 0 | L63: 0 | M63: 0 | N63: 0 | P63: 62.2 | Q63: =IF(COUNTIF($A$2:A63,A63)>1,"Duplicate","Unique") -> Unique | R63: =IF(OR(H63=0,H63=1),"Valid","Invalid") -> Valid | S63: =IF(OR(I63=0,I63=1),"Valid","Invalid") -> Valid | T63: =IF(OR(J63=0,J63=1),"Valid","Invalid") -> Valid | U63: =IF(OR(K63=0,K63=1),"Valid","Invalid") -> Valid | V63: =IF(OR(N63=0,N63=1),"Valid","Invalid") -> Valid | W63: =IF(OR(L63<$B$23,L63>$B$24),"Outlier","Normal") -> Outlier
A64: USR-100063 | B64: 45792 | C64: Control | D64: South | E64: Desktop | F64: Organic | G64: Free | H64: 1 | I64: 0 | J64: 0 | K64: 0 | L64: 0 | M64: 0 | N64: 0 | P64: 50.2 | Q64: =IF(COUNTIF($A$2:A64,A64)>1,"Duplicate","Unique") -> Unique | R64: =IF(OR(H64=0,H64=1),"Valid","Invalid") -> Valid | S64: =IF(OR(I64=0,I64=1),"Valid","Invalid") -> Valid | T64: =IF(OR(J64=0,J64=1),"Valid","Invalid") -> Valid | U64: =IF(OR(K64=0,K64=1),"Valid","Invalid") -> Valid | V64: =IF(OR(N64=0,N64=1),"Valid","Invalid") -> Valid | W64: =IF(OR(L64<$B$23,L64>$B$24),"Outlier","Normal") -> Outlier
A65: USR-100064 | B65: 45758 | C65: Control | D65: North | E65: Mobile | F65: Organic | G65: Basic | H65: 1 | I65: 0 | J65: 0 | K65: 0 | L65: 0 | M65: 0 | N65: 0 | P65: 74.3 | Q65: =IF(COUNTIF($A$2:A65,A65)>1,"Duplicate","Unique") -> Unique | R65: =IF(OR(H65=0,H65=1),"Valid","Invalid") -> Valid | S65: =IF(OR(I65=0,I65=1),"Valid","Invalid") -> Valid | T65: =IF(OR(J65=0,J65=1),"Valid","Invalid") -> Valid | U65: =IF(OR(K65=0,K65=1),"Valid","Invalid") -> Valid | V65: =IF(OR(N65=0,N65=1),"Valid","Invalid") -> Valid | W65: =IF(OR(L65<$B$23,L65>$B$24),"Outlier","Normal") -> Outlier
A66: USR-100065 | B66: 45723 | C66: Control | D66: South | E66: Desktop | F66: Paid Search | G66: Free | H66: 1 | I66: 0 | J66: 0 | K66: 0 | L66: 0 | M66: 0 | N66: 0 | P66: 58 | Q66: =IF(COUNTIF($A$2:A66,A66)>1,"Duplicate","Unique") -> Unique | R66: =IF(OR(H66=0,H66=1),"Valid","Invalid") -> Valid | S66: =IF(OR(I66=0,I66=1),"Valid","Invalid") -> Valid | T66: =IF(OR(J66=0,J66=1),"Valid","Invalid") -> Valid | U66: =IF(OR(K66=0,K66=1),"Valid","Invalid") -> Valid | V66: =IF(OR(N66=0,N66=1),"Valid","Invalid") -> Valid | W66: =IF(OR(L66<$B$23,L66>$B$24),"Outlier","Normal") -> Outlier
A67: USR-100066 | B67: 45807 | C67: Control | D67: South | E67: Mobile | F67: Organic | G67: Free | H67: 0 | I67: 0 | J67: 0 | K67: 0 | L67: 0 | M67: 0 | N67: 0 | P67: 46.7 | Q67: =IF(COUNTIF($A$2:A67,A67)>1,"Duplicate","Unique") -> Unique | R67: =IF(OR(H67=0,H67=1),"Valid","Invalid") -> Valid | S67: =IF(OR(I67=0,I67=1),"Valid","Invalid") -> Valid | T67: =IF(OR(J67=0,J67=1),"Valid","Invalid") -> Valid | U67: =IF(OR(K67=0,K67=1),"Valid","Invalid") -> Valid | V67: =IF(OR(N67=0,N67=1),"Valid","Invalid") -> Valid | W67: =IF(OR(L67<$B$23,L67>$B$24),"Outlier","Normal") -> Outlier
A68: USR-100067 | B68: 45664 | C68: Control | D68: South | E68: Desktop | F68: Organic | G68: Premium | H68: 1 | I68: 0 | J68: 0 | K68: 0 | L68: 0 | M68: 1 | N68: 0 | P68: 49.6 | Q68: =IF(COUNTIF($A$2:A68,A68)>1,"Duplicate","Unique") -> Unique | R68: =IF(OR(H68=0,H68=1),"Valid","Invalid") -> Valid | S68: =IF(OR(I68=0,I68=1),"Valid","Invalid") -> Valid | T68: =IF(OR(J68=0,J68=1),"Valid","Invalid") -> Valid | U68: =IF(OR(K68=0,K68=1),"Valid","Invalid") -> Valid | V68: =IF(OR(N68=0,N68=1),"Valid","Invalid") -> Valid | W68: =IF(OR(L68<$B$23,L68>$B$24),"Outlier","Normal") -> Outlier
A69: USR-100068 | B69: 45785 | C69: Control | D69: West | E69: Mobile | F69: Social | G69: Free | H69: 0 | I69: 0 | J69: 0 | K69: 0 | L69: 0 | M69: 0 | N69: 0 | P69: 60.4 | Q69: =IF(COUNTIF($A$2:A69,A69)>1,"Duplicate","Unique") -> Unique | R69: =IF(OR(H69=0,H69=1),"Valid","Invalid") -> Valid | S69: =IF(OR(I69=0,I69=1),"Valid","Invalid") -> Valid | T69: =IF(OR(J69=0,J69=1),"Valid","Invalid") -> Valid | U69: =IF(OR(K69=0,K69=1),"Valid","Invalid") -> Valid | V69: =IF(OR(N69=0,N69=1),"Valid","Invalid") -> Valid | W69: =IF(OR(L69<$B$23,L69>$B$24),"Outlier","Normal") -> Outlier
A70: USR-100069 | B70: 45735 | C70: Control | D70: East | E70: Desktop | F70: Email | G70: Free | H70: 1 | I70: 1 | J70: 1 | K70: 0 | L70: 0 | M70: 0 | N70: 0 | P70: 55.3 | Q70: =IF(COUNTIF($A$2:A70,A70)>1,"Duplicate","Unique") -> Unique | R70: =IF(OR(H70=0,H70=1),"Valid","Invalid") -> Valid | S70: =IF(OR(I70=0,I70=1),"Valid","Invalid") -> Valid | T70: =IF(OR(J70=0,J70=1),"Valid","Invalid") -> Valid | U70: =IF(OR(K70=0,K70=1),"Valid","Invalid") -> Valid | V70: =IF(OR(N70=0,N70=1),"Valid","Invalid") -> Valid | W70: =IF(OR(L70<$B$23,L70>$B$24),"Outlier","Normal") -> Outlier
A71: USR-100070 | B71: 45793 | C71: Control | D71: North | E71: Desktop | F71: Organic | G71: Free | H71: 0 | I71: 0 | J71: 0 | K71: 0 | L71: 0 | M71: 0 | N71: 0 | P71: 56.2 | Q71: =IF(COUNTIF($A$2:A71,A71)>1,"Duplicate","Unique") -> Unique | R71: =IF(OR(H71=0,H71=1),"Valid","Invalid") -> Valid | S71: =IF(OR(I71=0,I71=1),"Valid","Invalid") -> Valid | T71: =IF(OR(J71=0,J71=1),"Valid","Invalid") -> Valid | U71: =IF(OR(K71=0,K71=1),"Valid","Invalid") -> Valid | V71: =IF(OR(N71=0,N71=1),"Valid","Invalid") -> Valid | W71: =IF(OR(L71<$B$23,L71>$B$24),"Outlier","Normal") -> Outlier
A72: USR-100071 | B72: 45724 | C72: Control | D72: West | E72: Mobile | F72: Email | G72: Free | H72: 0 | I72: 0 | J72: 0 | K72: 0 | L72: 0 | M72: 0 | N72: 0 | P72: 29.4 | Q72: =IF(COUNTIF($A$2:A72,A72)>1,"Duplicate","Unique") -> Unique | R72: =IF(OR(H72=0,H72=1),"Valid","Invalid") -> Valid | S72: =IF(OR(I72=0,I72=1),"Valid","Invalid") -> Valid | T72: =IF(OR(J72=0,J72=1),"Valid","Invalid") -> Valid | U72: =IF(OR(K72=0,K72=1),"Valid","Invalid") -> Valid | V72: =IF(OR(N72=0,N72=1),"Valid","Invalid") -> Valid | W72: =IF(OR(L72<$B$23,L72>$B$24),"Outlier","Normal") -> Outlier
A73: USR-100072 | B73: 45724 | C73: Control | D73: East | E73: Mobile | F73: Email | G73: Free | H73: 1 | I73: 0 | J73: 0 | K73: 0 | L73: 0 | M73: 0 | N73: 0 | P73: 54.2 | Q73: =IF(COUNTIF($A$2:A73,A73)>1,"Duplicate","Unique") -> Unique | R73: =IF(OR(H73=0,H73=1),"Valid","Invalid") -> Valid | S73: =IF(OR(I73=0,I73=1),"Valid","Invalid") -> Valid | T73: =IF(OR(J73=0,J73=1),"Valid","Invalid") -> Valid | U73: =IF(OR(K73=0,K73=1),"Valid","Invalid") -> Valid | V73: =IF(OR(N73=0,N73=1),"Valid","Invalid") -> Valid | W73: =IF(OR(L73<$B$23,L73>$B$24),"Outlier","Normal") -> Outlier
... A79: USR-100078 | B79: 45673 | C79: Control | D79: North | E79: Mobile | F79: Organic | G79: Free | H79: 0 | I79: 0 | J79: 0 | K79: 0 | L79: 0 | M79: 2 | N79: 0 | P79: 48.4 | Q79: =IF(COUNTIF($A$2:A79,A79)>1,"Duplicate","Unique") -> Unique | R79: =IF(OR(H79=0,H79=1),"Valid","Invalid") -> Valid | S79: =IF(OR(I79=0,I79=1),"Valid","Invalid") -> Valid | T79: =IF(OR(J79=0,J79=1),"Valid","Invalid") -> Valid | U79: =IF(OR(K79=0,K79=1),"Valid","Invalid") -> Valid | V79: =IF(OR(N79=0,N79=1),"Valid","Invalid") -> Valid | W79: =IF(OR(L79<$B$23,L79>$B$24),"Outlier","Normal") -> Outlier
A80: USR-100079 | B80: 45708 | C80: Control | D80: West | E80: Desktop | F80: Organic | G80: Free | H80: 1 | I80: 1 | J80: 1 | K80: 1 | L80: 457.51 | M80: 0 | N80: 0 | O80: 7 | P80: 38 | Q80: =IF(COUNTIF($A$2:A80,A80)>1,"Duplicate","Unique") -> Unique | R80: =IF(OR(H80=0,H80=1),"Valid","Invalid") -> Valid | S80: =IF(OR(I80=0,I80=1),"Valid","Invalid") -> Valid | T80: =IF(OR(J80=0,J80=1),"Valid","Invalid") -> Valid | U80: =IF(OR(K80=0,K80=1),"Valid","Invalid") -> Valid | V80: =IF(OR(N80=0,N80=1),"Valid","Invalid") -> Valid | W80: =IF(OR(L80<$B$23,L80>$B$24),"Outlier","Normal") -> Outlier
A81: USR-100080 | B81: 45798 | C81: Control | D81: East | E81: Mobile | F81: Social | G81: Free | H81: 1 | I81: 0 | J81: 0 | K81: 0 | L81: 0 | M81: 0 | N81: 0 | P81: 44.2 | Q81: =IF(COUNTIF($A$2:A81,A81)>1,"Duplicate","Unique") -> Unique | R81: =IF(OR(H81=0,H81=1),"Valid","Invalid") -> Valid | S81: =IF(OR(I81=0,I81=1),"Valid","Invalid") -> Valid | T81: =IF(OR(J81=0,J81=1),"Valid","Invalid") -> Valid | U81: =IF(OR(K81=0,K81=1),"Valid","Invalid") -> Valid | V81: =IF(OR(N81=0,N81=1),"Valid","Invalid") -> Valid | W81: =IF(OR(L81<$B$23,L81>$B$24),"Outlier","Normal") -> Outlier
A82: USR-100081 | B82: 45785 | C82: Control | D82: South | E82: Mobile | F82: Organic | G82: Free | H82: 1 | I82: 1 | J82: 1 | K82: 0 | L82: 0 | M82: 0 | N82: 0 | P82: 81.2 | Q82: =IF(COUNTIF($A$2:A82,A82)>1,"Duplicate","Unique") -> Unique | R82: =IF(OR(H82=0,H82=1),"Valid","Invalid") -> Valid | S82: =IF(OR(I82=0,I82=1),"Valid","Invalid") -> Valid | T82: =IF(OR(J82=0,J82=1),"Valid","Invalid") -> Valid | U82: =IF(OR(K82=0,K82=1),"Valid","Invalid") -> Valid | V82: =IF(OR(N82=0,N82=1),"Valid","Invalid") -> Valid | W82: =IF(OR(L82<$B$23,L82>$B$24),"Outlier","Normal") -> Outlier
A83: USR-100082 | B83: 45724 | C83: Control | D83: South | E83: Mobile | F83: Referral | G83: Free | H83: 1 | I83: 1 | J83: 0 | K83: 0 | L83: 0 | M83: 0 | N83: 0 | P83: 63.8 | Q83: =IF(COUNTIF($A$2:A83,A83)>1,"Duplicate","Unique") -> Unique | R83: =IF(OR(H83=0,H83=1),"Valid","Invalid") -> Valid | S83: =IF(OR(I83=0,I83=1),"Valid","Invalid") -> Valid | T83: =IF(OR(J83=0,J83=1),"Valid","Invalid") -> Valid | U83: =IF(OR(K83=0,K83=1),"Valid","Invalid") -> Valid | V83: =IF(OR(N83=0,N83=1),"Valid","Invalid") -> Valid | W83: =IF(OR(L83<$B$23,L83>$B$24),"Outlier","Normal") -> Outlier
A84: USR-100083 | B84: 45748 | C84: Control | D84: South | E84: Desktop | F84: Email | G84: Free | H84: 0 | I84: 0 | J84: 0 | K84: 0 | L84: 0 | M84: 0 | N84: 0 | P84: 64.7 | Q84: =IF(COUNTIF($A$2:A84,A84)>1,"Duplicate","Unique") -> Unique | R84: =IF(OR(H84=0,H84=1),"Valid","Invalid") -> Valid | S84: =IF(OR(I84=0,I84=1),"Valid","Invalid") -> Valid | T84: =IF(OR(J84=0,J84=1),"Valid","Invalid") -> Valid | U84: =IF(OR(K84=0,K84=1),"Valid","Invalid") -> Valid | V84: =IF(OR(N84=0,N84=1),"Valid","Invalid") -> Valid | W84: =IF(OR(L84<$B$23,L84>$B$24),"Outlier","Normal") -> Outlier
A85: USR-100084 | B85: 45719 | C85: Control | D85: West | E85: Mobile | F85: Social | G85: Basic | H85: 0 | I85: 0 | J85: 0 | K85: 0 | L85: 0 | M85: 0 | N85: 0 | P85: 60.4 | Q85: =IF(COUNTIF($A$2:A85,A85)>1,"Duplicate","Unique") -> Unique | R85: =IF(OR(H85=0,H85=1),"Valid","Invalid") -> Valid | S85: =IF(OR(I85=0,I85=1),"Valid","Invalid") -> Valid | T85: =IF(OR(J85=0,J85=1),"Valid","Invalid") -> Valid | U85: =IF(OR(K85=0,K85=1),"Valid","Invalid") -> Valid | V85: =IF(OR(N85=0,N85=1),"Valid","Invalid") -> Valid | W85: =IF(OR(L85<$B$23,L85>$B$24),"Outlier","Normal") -> Outlier
A86: USR-100085 | B86: 45763 | C86: Control | D86: South | E86: Mobile | F86: Paid Search | G86: Free | H86: 0 | I86: 0 | J86: 0 | K86: 0 | L86: 0 | M86: 0 | N86: 0 | P86: 66.6 | Q86: =IF(COUNTIF($A$2:A86,A86)>1,"Duplicate","Unique") -> Unique | R86: =IF(OR(H86=0,H86=1),"Valid","Invalid") -> Valid | S86: =IF(OR(I86=0,I86=1),"Valid","Invalid") -> Valid | T86: =IF(OR(J86=0,J86=1),"Valid","Invalid") -> Valid | U86: =IF(OR(K86=0,K86=1),"Valid","Invalid") -> Valid | V86: =IF(OR(N86=0,N86=1),"Valid","Invalid") -> Valid | W86: =IF(OR(L86<$B$23,L86>$B$24),"Outlier","Normal") -> Outlier
A87: USR-100086 | B87: 45666 | C87: Control | D87: North | E87: Desktop | F87: Organic | G87: Free | H87: 1 | I87: 0 | J87: 0 | K87: 0 | L87: 0 | M87: 0 | N87: 0 | P87: 50.9 | Q87: =IF(COUNTIF($A$2:A87,A87)>1,"Duplicate","Unique") -> Unique | R87: =IF(OR(H87=0,H87=1),"Valid","Invalid") -> Valid | S87: =IF(OR(I87=0,I87=1),"Valid","Invalid") -> Valid | T87: =IF(OR(J87=0,J87=1),"Valid","Invalid") -> Valid | U87: =IF(OR(K87=0,K87=1),"Valid","Invalid") -> Valid | V87: =IF(OR(N87=0,N87=1),"Valid","Invalid") -> Valid | W87: =IF(OR(L87<$B$23,L87>$B$24),"Outlier","Normal") -> Outlier
A88: USR-100087 | B88: 45679 | C88: Control | D88: West | E88: Desktop | F88: Social | G88: Basic | H88: 0 | I88: 0 | J88: 0 | K88: 0 | L88: 0 | M88: 0 | N88: 0 | P88: 51 | Q88: =IF(COUNTIF($A$2:A88,A88)>1,"Duplicate","Unique") -> Unique | R88: =IF(OR(H88=0,H88=1),"Valid","Invalid") -> Valid | S88: =IF(OR(I88=0,I88=1),"Valid","Invalid") -> Valid | T88: =IF(OR(J88=0,J88=1),"Valid","Invalid") -> Valid | U88: =IF(OR(K88=0,K88=1),"Valid","Invalid") -> Valid | V88: =IF(OR(N88=0,N88=1),"Valid","Invalid") -> Valid | W88: =IF(OR(L88<$B$23,L88>$B$24),"Outlier","Normal") -> Outlier
A89: USR-100088 | B89: 45777 | C89: Control | D89: South | E89: Mobile | F89: Email | G89: Premium | H89: 0 | I89: 0 | J89: 0 | K89: 0 | L89: 0 | M89: 0 | N89: 0 | P89: 65.8 | Q89: =IF(COUNTIF($A$2:A89,A89)>1,"Duplicate","Unique") -> Unique | R89: =IF(OR(H89=0,H89=1),"Valid","Invalid") -> Valid | S89: =IF(OR(I89=0,I89=1),"Valid","Invalid") -> Valid | T89: =IF(OR(J89=0,J89=1),"Valid","Invalid") -> Valid | U89: =IF(OR(K89=0,K89=1),"Valid","Invalid") -> Valid | V89: =IF(OR(N89=0,N89=1),"Valid","Invalid") -> Valid | W89: =IF(OR(L89<$B$23,L89>$B$24),"Outlier","Normal") -> Outlier
A90: USR-100089 | B90: 45772 | C90: Control | D90: North | E90: Mobile | F90: Referral | G90: Basic | H90: 1 | I90: 0 | J90: 0 | K90: 0 | L90: 0 | M90: 0 | N90: 0 | P90: 61.8 | Q90: =IF(COUNTIF($A$2:A90,A90)>1,"Duplicate","Unique") -> Unique | R90: =IF(OR(H90=0,H90=1),"Valid","Invalid") -> Valid | S90: =IF(OR(I90=0,I90=1),"Valid","Invalid") -> Valid | T90: =IF(OR(J90=0,J90=1),"Valid","Invalid") -> Valid | U90: =IF(OR(K90=0,K90=1),"Valid","Invalid") -> Valid | V90: =IF(OR(N90=0,N90=1),"Valid","Invalid") -> Valid | W90: =IF(OR(L90<$B$23,L90>$B$24),"Outlier","Normal") -> Outlier
A91: USR-100090 | B91: 45689 | C91: Control | D91: North | E91: Mobile | F91: Organic | G91: Basic | H91: 1 | I91: 0 | J91: 0 | K91: 0 | L91: 0 | M91: 0 | N91: 0 | P91: 54.5 | Q91: =IF(COUNTIF($A$2:A91,A91)>1,"Duplicate","Unique") -> Unique | R91: =IF(OR(H91=0,H91=1),"Valid","Invalid") -> Valid | S91: =IF(OR(I91=0,I91=1),"Valid","Invalid") -> Valid | T91: =IF(OR(J91=0,J91=1),"Valid","Invalid") -> Valid | U91: =IF(OR(K91=0,K91=1),"Valid","Invalid") -> Valid | V91: =IF(OR(N91=0,N91=1),"Valid","Invalid") -> Valid | W91: =IF(OR(L91<$B$23,L91>$B$24),"Outlier","Normal") -> Outlier
A92: USR-100091 | B92: 45770 | C92: Control | D92: South | E92: Desktop | F92: Organic | G92: Free | H92: 1 | I92: 0 | J92: 0 | K92: 0 | L92: 0 | M92: 0 | N92: 0 | P92: 72.2 | Q92: =IF(COUNTIF($A$2:A92,A92)>1,"Duplicate","Unique") -> Unique | R92: =IF(OR(H92=0,H92=1),"Valid","Invalid") -> Valid | S92: =IF(OR(I92=0,I92=1),"Valid","Invalid") -> Valid | T92: =IF(OR(J92=0,J92=1),"Valid","Invalid") -> Valid | U92: =IF(OR(K92=0,K92=1),"Valid","Invalid") -> Valid | V92: =IF(OR(N92=0,N92=1),"Valid","Invalid") -> Valid | W92: =IF(OR(L92<$B$23,L92>$B$24),"Outlier","Normal") -> Outlier
... A99: USR-100098 | B99: 45699 | C99: Control | D99: North | E99: Desktop | F99: Organic | G99: Premium | H99: 1 | I99: 0 | J99: 0 | K99: 0 | L99: 0 | M99: 0 | N99: 0 | P99: 63.2 | Q99: =IF(COUNTIF($A$2:A99,A99)>1,"Duplicate","Unique") -> Unique | R99: =IF(OR(H99=0,H99=1),"Valid","Invalid") -> Valid | S99: =IF(OR(I99=0,I99=1),"Valid","Invalid") -> Valid | T99: =IF(OR(J99=0,J99=1),"Valid","Invalid") -> Valid | U99: =IF(OR(K99=0,K99=1),"Valid","Invalid") -> Valid | V99: =IF(OR(N99=0,N99=1),"Valid","Invalid") -> Valid | W99: =IF(OR(L99<$B$23,L99>$B$24),"Outlier","Normal") -> Outlier
A100: USR-100099 | B100: 45699 | C100: Control | D100: East | E100: Desktop | F100: Social | G100: Free | H100: 1 | I100: 1 | J100: 1 | K100: 1 | L100: 363.32 | M100: 0 | N100: 0 | O100: 9 | P100: 55.9 | Q100: =IF(COUNTIF($A$2:A100,A100)>1,"Duplicate","Unique") -> Unique | R100: =IF(OR(H100=0,H100=1),"Valid","Invalid") -> Valid | S100: =IF(OR(I100=0,I100=1),"Valid","Invalid") -> Valid | T100: =IF(OR(J100=0,J100=1),"Valid","Invalid") -> Valid | U100: =IF(OR(K100=0,K100=1),"Valid","Invalid") -> Valid | V100: =IF(OR(N100=0,N100=1),"Valid","Invalid") -> Valid | W100: =IF(OR(L100<$B$23,L100>$B$24),"Outlier","Normal") -> Outlier
A101: USR-100100 | B101: 45803 | C101: Control | D101: North | E101: Mobile | F101: Organic | G101: Free | H101: 1 | I101: 0 | J101: 0 | K101: 0 | L101: 0 | M101: 0 | N101: 0 | P101: 63.5 | Q101: =IF(COUNTIF($A$2:A101,A101)>1,"Duplicate","Unique") -> Unique | R101: =IF(OR(H101=0,H101=1),"Valid","Invalid") -> Valid | S101: =IF(OR(I101=0,I101=1),"Valid","Invalid") -> Valid | T101: =IF(OR(J101=0,J101=1),"Valid","Invalid") -> Valid | U101: =IF(OR(K101=0,K101=1),"Valid","Invalid") -> Valid | V101: =IF(OR(N101=0,N101=1),"Valid","Invalid") -> Valid | W101: =IF(OR(L101<$B$23,L101>$B$24),"Outlier","Normal") -> Outlier
A102: USR-100101 | B102: 45738 | C102: Control | D102: North | E102: Mobile | F102: Paid Search | G102: Basic | H102: 1 | I102: 0 | J102: 0 | K102: 0 | L102: 0 | M102: 0 | N102: 0 | P102: 51.5 | Q102: =IF(COUNTIF($A$2:A102,A102)>1,"Duplicate","Unique") -> Unique | R102: =IF(OR(H102=0,H102=1),"Valid","Invalid") -> Valid | S102: =IF(OR(I102=0,I102=1),"Valid","Invalid") -> Valid | T102: =IF(OR(J102=0,J102=1),"Valid","Invalid") -> Valid | U102: =IF(OR(K102=0,K102=1),"Valid","Invalid") -> Valid | V102: =IF(OR(N102=0,N102=1),"Valid","Invalid") -> Valid | W102: =IF(OR(L102<$B$23,L102>$B$24),"Outlier","Normal") -> Outlier
A103: USR-100102 | B103: 45755 | C103: Control | D103: West | E103: Mobile | F103: Paid Search | G103: Free | H103: 1 | I103: 0 | J103: 0 | K103: 0 | L103: 0 | M103: 0 | N103: 0 | P103: 74.4 | Q103: =IF(COUNTIF($A$2:A103,A103)>1,"Duplicate","Unique") -> Unique | R103: =IF(OR(H103=0,H103=1),"Valid","Invalid") -> Valid | S103: =IF(OR(I103=0,I103=1),"Valid","Invalid") -> Valid | T103: =IF(OR(J103=0,J103=1),"Valid","Invalid") -> Valid | U103: =IF(OR(K103=0,K103=1),"Valid","Invalid") -> Valid | V103: =IF(OR(N103=0,N103=1),"Valid","Invalid") -> Valid | W103: =IF(OR(L103<$B$23,L103>$B$24),"Outlier","Normal") -> Outlier
A104: USR-100103 | B104: 45761 | C104: Control | D104: North | E104: Desktop | F104: Social | G104: Free | H104: 1 | I104: 1 | J104: 1 | K104: 1 | L104: 3887.98 | M104: 0 | N104: 0 | O104: 13 | P104: 60.2 | Q104: =IF(COUNTIF($A$2:A104,A104)>1,"Duplicate","Unique") -> Unique | R104: =IF(OR(H104=0,H104=1),"Valid","Invalid") -> Valid | S104: =IF(OR(I104=0,I104=1),"Valid","Invalid") -> Valid | T104: =IF(OR(J104=0,J104=1),"Valid","Invalid") -> Valid | U104: =IF(OR(K104=0,K104=1),"Valid","Invalid") -> Valid | V104: =IF(OR(N104=0,N104=1),"Valid","Invalid") -> Valid | W104: =IF(OR(L104<$B$23,L104>$B$24),"Outlier","Normal") -> Outlier
A105: USR-100104 | B105: 45743 | C105: Control | D105: South | E105: Mobile | F105: Email | G105: Free | H105: 1 | I105: 0 | J105: 0 | K105: 0 | L105: 0 | M105: 1 | N105: 0 | P105: 67.2 | Q105: =IF(COUNTIF($A$2:A105,A105)>1,"Duplicate","Unique") -> Unique | R105: =IF(OR(H105=0,H105=1),"Valid","Invalid") -> Valid | S105: =IF(OR(I105=0,I105=1),"Valid","Invalid") -> Valid | T105: =IF(OR(J105=0,J105=1),"Valid","Invalid") -> Valid | U105: =IF(OR(K105=0,K105=1),"Valid","Invalid") -> Valid | V105: =IF(OR(N105=0,N105=1),"Valid","Invalid") -> Valid | W105: =IF(OR(L105<$B$23,L105>$B$24),"Outlier","Normal") -> Outlier
A106: USR-100105 | B106: 45662 | C106: Control | D106: South | E106: Mobile | F106: Social | G106: Free | H106: 1 | I106: 1 | J106: 1 | K106: 0 | L106: 0 | M106: 0 | N106: 0 | P106: 79.6 | Q106: =IF(COUNTIF($A$2:A106,A106)>1,"Duplicate","Unique") -> Unique | R106: =IF(OR(H106=0,H106=1),"Valid","Invalid") -> Valid | S106: =IF(OR(I106=0,I106=1),"Valid","Invalid") -> Valid | T106: =IF(OR(J106=0,J106=1),"Valid","Invalid") -> Valid | U106: =IF(OR(K106=0,K106=1),"Valid","Invalid") -> Valid | V106: =IF(OR(N106=0,N106=1),"Valid","Invalid") -> Valid | W106: =IF(OR(L106<$B$23,L106>$B$24),"Outlier","Normal") -> Outlier
A107: USR-100106 | B107: 45682 | C107: Control | D107: South | E107: Mobile | F107: Social | G107: Basic | H107: 1 | I107: 1 | J107: 1 | K107: 1 | L107: 8610.72 | M107: 0 | N107: 0 | O107: 6 | P107: 61 | Q107: =IF(COUNTIF($A$2:A107,A107)>1,"Duplicate","Unique") -> Unique | R107: =IF(OR(H107=0,H107=1),"Valid","Invalid") -> Valid | S107: =IF(OR(I107=0,I107=1),"Valid","Invalid") -> Valid | T107: =IF(OR(J107=0,J107=1),"Valid","Invalid") -> Valid | U107: =IF(OR(K107=0,K107=1),"Valid","Invalid") -> Valid | V107: =IF(OR(N107=0,N107=1),"Valid","Invalid") -> Valid | W107: =IF(OR(L107<$B$23,L107>$B$24),"Outlier","Normal") -> Outlier
A108: USR-100107 | B108: 45680 | C108: Control | D108: West | E108: Mobile | F108: Email | G108: Free | H108: 1 | I108: 1 | J108: 1 | K108: 0 | L108: 0 | M108: 4 | N108: 0 | P108: 51.1 | Q108: =IF(COUNTIF($A$2:A108,A108)>1,"Duplicate","Unique") -> Unique | R108: =IF(OR(H108=0,H108=1),"Valid","Invalid") -> Valid | S108: =IF(OR(I108=0,I108=1),"Valid","Invalid") -> Valid | T108: =IF(OR(J108=0,J108=1),"Valid","Invalid") -> Valid | U108: =IF(OR(K108=0,K108=1),"Valid","Invalid") -> Valid | V108: =IF(OR(N108=0,N108=1),"Valid","Invalid") -> Valid | W108: =IF(OR(L108<$B$23,L108>$B$24),"Outlier","Normal") -> Outlier
A109: USR-100108 | B109: 45802 | C109: Control | D109: East | E109: Desktop | F109: Referral | G109: Free | H109: 1 | I109: 0 | J109: 0 | K109: 0 | L109: 0 | M109: 0 | N109: 0 | P109: 92.1 | Q109: =IF(COUNTIF($A$2:A109,A109)>1,"Duplicate","Unique") -> Unique | R109: =IF(OR(H109=0,H109=1),"Valid","Invalid") -> Valid | S109: =IF(OR(I109=0,I109=1),"Valid","Invalid") -> Valid | T109: =IF(OR(J109=0,J109=1),"Valid","Invalid") -> Valid | U109: =IF(OR(K109=0,K109=1),"Valid","Invalid") -> Valid | V109: =IF(OR(N109=0,N109=1),"Valid","Invalid") -> Valid | W109: =IF(OR(L109<$B$23,L109>$B$24),"Outlier","Normal") -> Outlier
A110: USR-100109 | B110: 45738 | C110: Control | D110: South | E110: Mobile | F110: Referral | G110: Basic | H110: 0 | I110: 0 | J110: 0 | K110: 0 | L110: 0 | M110: 0 | N110: 0 | P110: 82.1 | Q110: =IF(COUNTIF($A$2:A110,A110)>1,"Duplicate","Unique") -> Unique | R110: =IF(OR(H110=0,H110=1),"Valid","Invalid") -> Valid | S110: =IF(OR(I110=0,I110=1),"Valid","Invalid") -> Valid | T110: =IF(OR(J110=0,J110=1),"Valid","Invalid") -> Valid | U110: =IF(OR(K110=0,K110=1),"Valid","Invalid") -> Valid | V110: =IF(OR(N110=0,N110=1),"Valid","Invalid") -> Valid | W110: =IF(OR(L110<$B$23,L110>$B$24),"Outlier","Normal") -> Outlier
A111: USR-100110 | B111: 45700 | C111: Control | D111: West | E111: Desktop | F111: Paid Search | G111: Basic | H111: 1 | I111: 0 | J111: 0 | K111: 0 | L111: 0 | M111: 1 | N111: 0 | P111: 74 | Q111: =IF(COUNTIF($A$2:A111,A111)>1,"Duplicate","Unique") -> Unique | R111: =IF(OR(H111=0,H111=1),"Valid","Invalid") -> Valid | S111: =IF(OR(I111=0,I111=1),"Valid","Invalid") -> Valid | T111: =IF(OR(J111=0,J111=1),"Valid","Invalid") -> Valid | U111: =IF(OR(K111=0,K111=1),"Valid","Invalid") -> Valid | V111: =IF(OR(N111=0,N111=1),"Valid","Invalid") -> Valid | W111: =IF(OR(L111<$B$23,L111>$B$24),"Outlier","Normal") -> Outlier
A112: USR-100111 | B112: 45775 | C112: Control | D112: West | E112: Desktop | F112: Organic | G112: Basic | H112: 1 | I112: 0 | J112: 0 | K112: 0 | L112: 0 | M112: 0 | N112: 0 | P112: 63.4 | Q112: =IF(COUNTIF($A$2:A112,A112)>1,"Duplicate","Unique") -> Unique | R112: =IF(OR(H112=0,H112=1),"Valid","Invalid") -> Valid | S112: =IF(OR(I112=0,I112=1),"Valid","Invalid") -> Valid | T112: =IF(OR(J112=0,J112=1),"Valid","Invalid") -> Valid | U112: =IF(OR(K112=0,K112=1),"Valid","Invalid") -> Valid | V112: =IF(OR(N112=0,N112=1),"Valid","Invalid") -> Valid | W112: =IF(OR(L112<$B$23,L112>$B$24),"Outlier","Normal") -> Outlier
A113: USR-100112 | B113: 45687 | C113: Control | D113: North | E113: Mobile | F113: Organic | G113: Basic | H113: 1 | I113: 0 | J113: 0 | K113: 0 | L113: 0 | M113: 0 | N113: 0 | P113: 53.2 | Q113: =IF(COUNTIF($A$2:A113,A113)>1,"Duplicate","Unique") -> Unique | R113: =IF(OR(H113=0,H113=1),"Valid","Invalid") -> Valid | S113: =IF(OR(I113=0,I113=1),"Valid","Invalid") -> Valid | T113: =IF(OR(J113=0,J113=1),"Valid","Invalid") -> Valid | U113: =IF(OR(K113=0,K113=1),"Valid","Invalid") -> Valid | V113: =IF(OR(N113=0,N113=1),"Valid","Invalid") -> Valid | W113: =IF(OR(L113<$B$23,L113>$B$24),"Outlier","Normal") -> Outlier
A114: USR-100113 | B114: 45796 | C114: Control | D114: East | E114: Tablet | F114: Paid Search | G114: Free | H114: 0 | I114: 0 | J114: 0 | K114: 0 | L114: 0 | M114: 0 | N114: 0 | P114: 48.1 | Q114: =IF(COUNTIF($A$2:A114,A114)>1,"Duplicate","Unique") -> Unique | R114: =IF(OR(H114=0,H114=1),"Valid","Invalid") -> Valid | S114: =IF(OR(I114=0,I114=1),"Valid","Invalid") -> Valid | T114: =IF(OR(J114=0,J114=1),"Valid","Invalid") -> Valid | U114: =IF(OR(K114=0,K114=1),"Valid","Invalid") -> Valid | V114: =IF(OR(N114=0,N114=1),"Valid","Invalid") -> Valid | W114: =IF(OR(L114<$B$23,L114>$B$24),"Outlier","Normal") -> Outlier
A115: USR-100114 | B115: 45680 | C115: Control | D115: South | E115: Mobile | F115: Social | G115: Free | H115: 1 | I115: 1 | J115: 0 | K115: 0 | L115: 0 | M115: 0 | N115: 0 | P115: 61.5 | Q115: =IF(COUNTIF($A$2:A115,A115)>1,"Duplicate","Unique") -> Unique | R115: =IF(OR(H115=0,H115=1),"Valid","Invalid") -> Valid | S115: =IF(OR(I115=0,I115=1),"Valid","Invalid") -> Valid | T115: =IF(OR(J115=0,J115=1),"Valid","Invalid") -> Valid | U115: =IF(OR(K115=0,K115=1),"Valid","Invalid") -> Valid | V115: =IF(OR(N115=0,N115=1),"Valid","Invalid") -> Valid | W115: =IF(OR(L115<$B$23,L115>$B$24),"Outlier","Normal") -> Outlier
A116: USR-100115 | B116: 45744 | C116: Control | D116: East | E116: Desktop | F116: Social | G116: Free | H116: 1 | I116: 0 | J116: 0 | K116: 0 | L116: 0 | M116: 0 | N116: 0 | P116: 63.2 | Q116: =IF(COUNTIF($A$2:A116,A116)>1,"Duplicate","Unique") -> Unique | R116: =IF(OR(H116=0,H116=1),"Valid","Invalid") -> Valid | S116: =IF(OR(I116=0,I116=1),"Valid","Invalid") -> Valid | T116: =IF(OR(J116=0,J116=1),"Valid","Invalid") -> Valid | U116: =IF(OR(K116=0,K116=1),"Valid","Invalid") -> Valid | V116: =IF(OR(N116=0,N116=1),"Valid","Invalid") -> Valid | W116: =IF(OR(L116<$B$23,L116>$B$24),"Outlier","Normal") -> Outlier
A117: USR-100116 | B117: 45668 | C117: Control | D117: West | E117: Mobile | F117: Organic | G117: Free | H117: 0 | I117: 0 | J117: 0 | K117: 0 | L117: 0 | M117: 0 | N117: 0 | P117: 71.9 | Q117: =IF(COUNTIF($A$2:A117,A117)>1,"Duplicate","Unique") -> Unique | R117: =IF(OR(H117=0,H117=1),"Valid","Invalid") -> Valid | S117: =IF(OR(I117=0,I117=1),"Valid","Invalid") -> Valid | T117: =IF(OR(J117=0,J117=1),"Valid","Invalid") -> Valid | U117: =IF(OR(K117=0,K117=1),"Valid","Invalid") -> Valid | V117: =IF(OR(N117=0,N117=1),"Valid","Invalid") -> Valid | W117: =IF(OR(L117<$B$23,L117>$B$24),"Outlier","Normal") -> Outlier
A118: USR-100117 | B118: 45758 | C118: Control | D118: North | E118: Mobile | F118: Referral | G118: Free | H118: 0 | I118: 0 | J118: 0 | K118: 0 | L118: 0 | M118: 0 | N118: 0 | P118: 62.7 | Q118: =IF(COUNTIF($A$2:A118,A118)>1,"Duplicate","Unique") -> Unique | R118: =IF(OR(H118=0,H118=1),"Valid","Invalid") -> Valid | S118: =IF(OR(I118=0,I118=1),"Valid","Invalid") -> Valid | T118: =IF(OR(J118=0,J118=1),"Valid","Invalid") -> Valid | U118: =IF(OR(K118=0,K118=1),"Valid","Invalid") -> Valid | V118: =IF(OR(N118=0,N118=1),"Valid","Invalid") -> Valid | W118: =IF(OR(L118<$B$23,L118>$B$24),"Outlier","Normal") -> Outlier
A119: USR-100118 | B119: 45659 | C119: Control | D119: West | E119: Mobile | F119: Paid Search | G119: Free | H119: 1 | I119: 0 | J119: 0 | K119: 0 | L119: 0 | M119: 0 | N119: 0 | P119: 51.5 | Q119: =IF(COUNTIF($A$2:A119,A119)>1,"Duplicate","Unique") -> Unique | R119: =IF(OR(H119=0,H119=1),"Valid","Invalid") -> Valid | S119: =IF(OR(I119=0,I119=1),"Valid","Invalid") -> Valid | T119: =IF(OR(J119=0,J119=1),"Valid","Invalid") -> Valid | U119: =IF(OR(K119=0,K119=1),"Valid","Invalid") -> Valid | V119: =IF(OR(N119=0,N119=1),"Valid","Invalid") -> Valid | W119: =IF(OR(L119<$B$23,L119>$B$24),"Outlier","Normal") -> Outlier
... A124: USR-100123 | B124: 45769 | C124: Control | D124: South | E124: Mobile | F124: Referral | G124: Basic | H124: 0 | I124: 0 | J124: 0 | K124: 0 | L124: 0 | M124: 0 | N124: 0 | P124: 36.1 | Q124: =IF(COUNTIF($A$2:A124,A124)>1,"Duplicate","Unique") -> Unique | R124: =IF(OR(H124=0,H124=1),"Valid","Invalid") -> Valid | S124: =IF(OR(I124=0,I124=1),"Valid","Invalid") -> Valid | T124: =IF(OR(J124=0,J124=1),"Valid","Invalid") -> Valid | U124: =IF(OR(K124=0,K124=1),"Valid","Invalid") -> Valid | V124: =IF(OR(N124=0,N124=1),"Valid","Invalid") -> Valid | W124: =IF(OR(L124<$B$23,L124>$B$24),"Outlier","Normal") -> Outlier
A125: USR-100124 | B125: 45807 | C125: Control | D125: West | F125: Email | G125: Basic | H125: 1 | I125: 1 | J125: 0 | K125: 0 | L125: 0 | M125: 0 | N125: 0 | P125: 47.9 | Q125: =IF(COUNTIF($A$2:A125,A125)>1,"Duplicate","Unique") -> Unique | R125: =IF(OR(H125=0,H125=1),"Valid","Invalid") -> Valid | S125: =IF(OR(I125=0,I125=1),"Valid","Invalid") -> Valid | T125: =IF(OR(J125=0,J125=1),"Valid","Invalid") -> Valid | U125: =IF(OR(K125=0,K125=1),"Valid","Invalid") -> Valid | V125: =IF(OR(N125=0,N125=1),"Valid","Invalid") -> Valid | W125: =IF(OR(L125<$B$23,L125>$B$24),"Outlier","Normal") -> Outlier
A126: USR-100125 | B126: 45795 | C126: Control | D126: West | E126: Desktop | F126: Organic | G126: Premium | H126: 1 | I126: 0 | J126: 0 | K126: 0 | L126: 0 | M126: 0 | N126: 0 | P126: 62.5 | Q126: =IF(COUNTIF($A$2:A126,A126)>1,"Duplicate","Unique") -> Unique | R126: =IF(OR(H126=0,H126=1),"Valid","Invalid") -> Valid | S126: =IF(OR(I126=0,I126=1),"Valid","Invalid") -> Valid | T126: =IF(OR(J126=0,J126=1),"Valid","Invalid") -> Valid | U126: =IF(OR(K126=0,K126=1),"Valid","Invalid") -> Valid | V126: =IF(OR(N126=0,N126=1),"Valid","Invalid") -> Valid | W126: =IF(OR(L126<$B$23,L126>$B$24),"Outlier","Normal") -> Outlier
A127: USR-100126 | B127: 45670 | C127: Control | D127: South | E127: Desktop | F127: Paid Search | G127: Premium | H127: 1 | I127: 0 | J127: 0 | K127: 0 | L127: 0 | M127: 0 | N127: 0 | P127: 56.9 | Q127: =IF(COUNTIF($A$2:A127,A127)>1,"Duplicate","Unique") -> Unique | R127: =IF(OR(H127=0,H127=1),"Valid","Invalid") -> Valid | S127: =IF(OR(I127=0,I127=1),"Valid","Invalid") -> Valid | T127: =IF(OR(J127=0,J127=1),"Valid","Invalid") -> Valid | U127: =IF(OR(K127=0,K127=1),"Valid","Invalid") -> Valid | V127: =IF(OR(N127=0,N127=1),"Valid","Invalid") -> Valid | W127: =IF(OR(L127<$B$23,L127>$B$24),"Outlier","Normal") -> Outlier
A128: USR-100127 | B128: 45741 | C128: Control | D128: North | E128: Desktop | F128: Email | G128: Free | H128: 0 | I128: 0 | J128: 0 | K128: 0 | L128: 0 | M128: 0 | N128: 0 | P128: 64.7 | Q128: =IF(COUNTIF($A$2:A128,A128)>1,"Duplicate","Unique") -> Unique | R128: =IF(OR(H128=0,H128=1),"Valid","Invalid") -> Valid | S128: =IF(OR(I128=0,I128=1),"Valid","Invalid") -> Valid | T128: =IF(OR(J128=0,J128=1),"Valid","Invalid") -> Valid | U128: =IF(OR(K128=0,K128=1),"Valid","Invalid") -> Valid | V128: =IF(OR(N128=0,N128=1),"Valid","Invalid") -> Valid | W128: =IF(OR(L128<$B$23,L128>$B$24),"Outlier","Normal") -> Outlier
A129: USR-100128 | B129: 45776 | C129: Control | D129: South | E129: Desktop | F129: Organic | G129: Free | H129: 1 | I129: 1 | J129: 1 | K129: 0 | L129: 0 | M129: 0 | N129: 0 | P129: 64 | Q129: =IF(COUNTIF($A$2:A129,A129)>1,"Duplicate","Unique") -> Unique | R129: =IF(OR(H129=0,H129=1),"Valid","Invalid") -> Valid | S129: =IF(OR(I129=0,I129=1),"Valid","Invalid") -> Valid | T129: =IF(OR(J129=0,J129=1),"Valid","Invalid") -> Valid | U129: =IF(OR(K129=0,K129=1),"Valid","Invalid") -> Valid | V129: =IF(OR(N129=0,N129=1),"Valid","Invalid") -> Valid | W129: =IF(OR(L129<$B$23,L129>$B$24),"Outlier","Normal") -> Outlier
A130: USR-100129 | B130: 45794 | C130: Control | D130: East | E130: Mobile | F130: Referral | G130: Basic | H130: 1 | I130: 1 | J130: 1 | K130: 0 | L130: 0 | M130: 0 | N130: 0 | P130: 75.2 | Q130: =IF(COUNTIF($A$2:A130,A130)>1,"Duplicate","Unique") -> Unique | R130: =IF(OR(H130=0,H130=1),"Valid","Invalid") -> Valid | S130: =IF(OR(I130=0,I130=1),"Valid","Invalid") -> Valid | T130: =IF(OR(J130=0,J130=1),"Valid","Invalid") -> Valid | U130: =IF(OR(K130=0,K130=1),"Valid","Invalid") -> Valid | V130: =IF(OR(N130=0,N130=1),"Valid","Invalid") -> Valid | W130: =IF(OR(L130<$B$23,L130>$B$24),"Outlier","Normal") -> Outlier
A131: USR-100130 | B131: 45659 | C131: Control | D131: North | E131: Mobile | F131: Paid Search | G131: Free | H131: 1 | I131: 0 | J131: 0 | K131: 0 | L131: 0 | M131: 1 | N131: 0 | P131: 79 | Q131: =IF(COUNTIF($A$2:A131,A131)>1,"Duplicate","Unique") -> Unique | R131: =IF(OR(H131=0,H131=1),"Valid","Invalid") -> Valid | S131: =IF(OR(I131=0,I131=1),"Valid","Invalid") -> Valid | T131: =IF(OR(J131=0,J131=1),"Valid","Invalid") -> Valid | U131: =IF(OR(K131=0,K131=1),"Valid","Invalid") -> Valid | V131: =IF(OR(N131=0,N131=1),"Valid","Invalid") -> Valid | W131: =IF(OR(L131<$B$23,L131>$B$24),"Outlier","Normal") -> Outlier
A132: USR-100131 | B132: 45691 | C132: Control | D132: South | E132: Mobile | F132: Organic | G132: Free | H132: 0 | I132: 0 | J132: 0 | K132: 0 | L132: 0 | M132: 0 | N132: 0 | P132: 33 | Q132: =IF(COUNTIF($A$2:A132,A132)>1,"Duplicate","Unique") -> Unique | R132: =IF(OR(H132=0,H132=1),"Valid","Invalid") -> Valid | S132: =IF(OR(I132=0,I132=1),"Valid","Invalid") -> Valid | T132: =IF(OR(J132=0,J132=1),"Valid","Invalid") -> Valid | U132: =IF(OR(K132=0,K132=1),"Valid","Invalid") -> Valid | V132: =IF(OR(N132=0,N132=1),"Valid","Invalid") -> Valid | W132: =IF(OR(L132<$B$23,L132>$B$24),"Outlier","Normal") -> Outlier
A133: USR-100132 | B133: 45720 | C133: Control | D133: East | E133: Mobile | F133: Organic | G133: Free | H133: 1 | I133: 0 | J133: 0 | K133: 0 | L133: 0 | M133: 0 | N133: 0 | P133: 67.9 | Q133: =IF(COUNTIF($A$2:A133,A133)>1,"Duplicate","Unique") -> Unique | R133: =IF(OR(H133=0,H133=1),"Valid","Invalid") -> Valid | S133: =IF(OR(I133=0,I133=1),"Valid","Invalid") -> Valid | T133: =IF(OR(J133=0,J133=1),"Valid","Invalid") -> Valid | U133: =IF(OR(K133=0,K133=1),"Valid","Invalid") -> Valid | V133: =IF(OR(N133=0,N133=1),"Valid","Invalid") -> Valid | W133: =IF(OR(L133<$B$23,L133>$B$24),"Outlier","Normal") -> Outlier
A134: USR-100133 | B134: 45683 | C134: Control | D134: South | E134: Mobile | F134: Paid Search | G134: Basic | H134: 0 | I134: 0 | J134: 0 | K134: 0 | L134: 0 | M134: 0 | N134: 0 | P134: 42.2 | Q134: =IF(COUNTIF($A$2:A134,A134)>1,"Duplicate","Unique") -> Unique | R134: =IF(OR(H134=0,H134=1),"Valid","Invalid") -> Valid | S134: =IF(OR(I134=0,I134=1),"Valid","Invalid") -> Valid | T134: =IF(OR(J134=0,J134=1),"Valid","Invalid") -> Valid | U134: =IF(OR(K134=0,K134=1),"Valid","Invalid") -> Valid | V134: =IF(OR(N134=0,N134=1),"Valid","Invalid") -> Valid | W134: =IF(OR(L134<$B$23,L134>$B$24),"Outlier","Normal") -> Outlier
A135: USR-100134 | B135: 45789 | C135: Control | D135: West | E135: Mobile | F135: Paid Search | G135: Basic | H135: 1 | I135: 1 | J135: 1 | K135: 0 | L135: 0 | M135: 0 | N135: 0 | P135: 43.4 | Q135: =IF(COUNTIF($A$2:A135,A135)>1,"Duplicate","Unique") -> Unique | R135: =IF(OR(H135=0,H135=1),"Valid","Invalid") -> Valid | S135: =IF(OR(I135=0,I135=1),"Valid","Invalid") -> Valid | T135: =IF(OR(J135=0,J135=1),"Valid","Invalid") -> Valid | U135: =IF(OR(K135=0,K135=1),"Valid","Invalid") -> Valid | V135: =IF(OR(N135=0,N135=1),"Valid","Invalid") -> Valid | W135: =IF(OR(L135<$B$23,L135>$B$24),"Outlier","Normal") -> Outlier
A136: USR-100135 | B136: 45722 | C136: Control | D136: North | E136: Mobile | F136: Organic | G136: Basic | H136: 0 | I136: 0 | J136: 0 | K136: 0 | L136: 0 | M136: 0 | N136: 0 | P136: 54.4 | Q136: =IF(COUNTIF($A$2:A136,A136)>1,"Duplicate","Unique") -> Unique | R136: =IF(OR(H136=0,H136=1),"Valid","Invalid") -> Valid | S136: =IF(OR(I136=0,I136=1),"Valid","Invalid") -> Valid | T136: =IF(OR(J136=0,J136=1),"Valid","Invalid") -> Valid | U136: =IF(OR(K136=0,K136=1),"Valid","Invalid") -> Valid | V136: =IF(OR(N136=0,N136=1),"Valid","Invalid") -> Valid | W136: =IF(OR(L136<$B$23,L136>$B$24),"Outlier","Normal") -> Outlier
A137: USR-100136 | B137: 45726 | C137: Control | D137: South | E137: Desktop | F137: Email | G137: Premium | H137: 0 | I137: 0 | J137: 0 | K137: 0 | L137: 0 | M137: 0 | N137: 0 | P137: 45.7 | Q137: =IF(COUNTIF($A$2:A137,A137)>1,"Duplicate","Unique") -> Unique | R137: =IF(OR(H137=0,H137=1),"Valid","Invalid") -> Valid | S137: =IF(OR(I137=0,I137=1),"Valid","Invalid") -> Valid | T137: =IF(OR(J137=0,J137=1),"Valid","Invalid") -> Valid | U137: =IF(OR(K137=0,K137=1),"Valid","Invalid") -> Valid | V137: =IF(OR(N137=0,N137=1),"Valid","Invalid") -> Valid | W137: =IF(OR(L137<$B$23,L137>$B$24),"Outlier","Normal") -> Outlier
... A142: USR-100141 | B142: 45676 | C142: Control | D142: South | E142: Mobile | F142: Organic | G142: Free | H142: 0 | I142: 0 | J142: 0 | K142: 0 | L142: 0 | M142: 0 | N142: 0 | P142: 49.6 | Q142: =IF(COUNTIF($A$2:A142,A142)>1,"Duplicate","Unique") -> Unique | R142: =IF(OR(H142=0,H142=1),"Valid","Invalid") -> Valid | S142: =IF(OR(I142=0,I142=1),"Valid","Invalid") -> Valid | T142: =IF(OR(J142=0,J142=1),"Valid","Invalid") -> Valid | U142: =IF(OR(K142=0,K142=1),"Valid","Invalid") -> Valid | V142: =IF(OR(N142=0,N142=1),"Valid","Invalid") -> Valid | W142: =IF(OR(L142<$B$23,L142>$B$24),"Outlier","Normal") -> Outlier
A143: USR-100142 | B143: 45750 | C143: Control | D143: West | E143: Desktop | F143: Social | G143: Free | H143: 1 | I143: 1 | J143: 1 | K143: 1 | L143: 404.4 | M143: 0 | N143: 0 | O143: 9 | P143: 80.6 | Q143: =IF(COUNTIF($A$2:A143,A143)>1,"Duplicate","Unique") -> Unique | R143: =IF(OR(H143=0,H143=1),"Valid","Invalid") -> Valid | S143: =IF(OR(I143=0,I143=1),"Valid","Invalid") -> Valid | T143: =IF(OR(J143=0,J143=1),"Valid","Invalid") -> Valid | U143: =IF(OR(K143=0,K143=1),"Valid","Invalid") -> Valid | V143: =IF(OR(N143=0,N143=1),"Valid","Invalid") -> Valid | W143: =IF(OR(L143<$B$23,L143>$B$24),"Outlier","Normal") -> Outlier
A144: USR-100143 | B144: 45754 | C144: Control | D144: North | E144: Mobile | F144: Paid Search | G144: Free | H144: 1 | I144: 0 | J144: 0 | K144: 0 | L144: 0 | M144: 0 | N144: 0 | P144: 47.9 | Q144: =IF(COUNTIF($A$2:A144,A144)>1,"Duplicate","Unique") -> Unique | R144: =IF(OR(H144=0,H144=1),"Valid","Invalid") -> Valid | S144: =IF(OR(I144=0,I144=1),"Valid","Invalid") -> Valid | T144: =IF(OR(J144=0,J144=1),"Valid","Invalid") -> Valid | U144: =IF(OR(K144=0,K144=1),"Valid","Invalid") -> Valid | V144: =IF(OR(N144=0,N144=1),"Valid","Invalid") -> Valid | W144: =IF(OR(L144<$B$23,L144>$B$24),"Outlier","Normal") -> Outlier
A145: USR-100144 | B145: 45663 | C145: Control | D145: East | E145: Mobile | F145: Paid Search | G145: Basic | H145: 1 | I145: 1 | J145: 0 | K145: 0 | L145: 0 | M145: 0 | N145: 0 | P145: 54.8 | Q145: =IF(COUNTIF($A$2:A145,A145)>1,"Duplicate","Unique") -> Unique | R145: =IF(OR(H145=0,H145=1),"Valid","Invalid") -> Valid | S145: =IF(OR(I145=0,I145=1),"Valid","Invalid") -> Valid | T145: =IF(OR(J145=0,J145=1),"Valid","Invalid") -> Valid | U145: =IF(OR(K145=0,K145=1),"Valid","Invalid") -> Valid | V145: =IF(OR(N145=0,N145=1),"Valid","Invalid") -> Valid | W145: =IF(OR(L145<$B$23,L145>$B$24),"Outlier","Normal") -> Outlier
A146: USR-100145 | B146: 45758 | C146: Control | D146: East | E146: Mobile | F146: Organic | G146: Free | H146: 1 | I146: 0 | J146: 0 | K146: 0 | L146: 0 | M146: 1 | N146: 0 | P146: 53.9 | Q146: =IF(COUNTIF($A$2:A146,A146)>1,"Duplicate","Unique") -> Unique | R146: =IF(OR(H146=0,H146=1),"Valid","Invalid") -> Valid | S146: =IF(OR(I146=0,I146=1),"Valid","Invalid") -> Valid | T146: =IF(OR(J146=0,J146=1),"Valid","Invalid") -> Valid | U146: =IF(OR(K146=0,K146=1),"Valid","Invalid") -> Valid | V146: =IF(OR(N146=0,N146=1),"Valid","Invalid") -> Valid | W146: =IF(OR(L146<$B$23,L146>$B$24),"Outlier","Normal") -> Outlier
A147: USR-100146 | B147: 45770 | C147: Control | D147: East | E147: Mobile | F147: Paid Search | G147: Free | H147: 1 | I147: 0 | J147: 0 | K147: 0 | L147: 0 | M147: 0 | N147: 0 | P147: 41.3 | Q147: =IF(COUNTIF($A$2:A147,A147)>1,"Duplicate","Unique") -> Unique | R147: =IF(OR(H147=0,H147=1),"Valid","Invalid") -> Valid | S147: =IF(OR(I147=0,I147=1),"Valid","Invalid") -> Valid | T147: =IF(OR(J147=0,J147=1),"Valid","Invalid") -> Valid | U147: =IF(OR(K147=0,K147=1),"Valid","Invalid") -> Valid | V147: =IF(OR(N147=0,N147=1),"Valid","Invalid") -> Valid | W147: =IF(OR(L147<$B$23,L147>$B$24),"Outlier","Normal") -> Outlier
A148: USR-100147 | B148: 45741 | C148: Control | D148: West | E148: Mobile | F148: Organic | G148: Basic | H148: 1 | I148: 1 | J148: 0 | K148: 0 | L148: 0 | M148: 0 | N148: 0 | P148: 38.9 | Q148: =IF(COUNTIF($A$2:A148,A148)>1,"Duplicate","Unique") -> Unique | R148: =IF(OR(H148=0,H148=1),"Valid","Invalid") -> Valid | S148: =IF(OR(I148=0,I148=1),"Valid","Invalid") -> Valid | T148: =IF(OR(J148=0,J148=1),"Valid","Invalid") -> Valid | U148: =IF(OR(K148=0,K148=1),"Valid","Invalid") -> Valid | V148: =IF(OR(N148=0,N148=1),"Valid","Invalid") -> Valid | W148: =IF(OR(L148<$B$23,L148>$B$24),"Outlier","Normal") -> Outlier
A149: USR-100148 | B149: 45802 | C149: Control | D149: South | E149: Desktop | F149: Organic | G149: Basic | H149: 1 | I149: 0 | J149: 0 | K149: 0 | L149: 0 | M149: 0 | N149: 0 | P149: 63.6 | Q149: =IF(COUNTIF($A$2:A149,A149)>1,"Duplicate","Unique") -> Unique | R149: =IF(OR(H149=0,H149=1),"Valid","Invalid") -> Valid | S149: =IF(OR(I149=0,I149=1),"Valid","Invalid") -> Valid | T149: =IF(OR(J149=0,J149=1),"Valid","Invalid") -> Valid | U149: =IF(OR(K149=0,K149=1),"Valid","Invalid") -> Valid | V149: =IF(OR(N149=0,N149=1),"Valid","Invalid") -> Valid | W149: =IF(OR(L149<$B$23,L149>$B$24),"Outlier","Normal") -> Outlier
A150: USR-100149 | B150: 45685 | C150: Control | D150: North | E150: Mobile | F150: Organic | G150: Free | H150: 1 | I150: 1 | J150: 1 | K150: 1 | L150: 577.94 | M150: 0 | N150: 0 | O150: 9 | P150: 76.6 | Q150: =IF(COUNTIF($A$2:A150,A150)>1,"Duplicate","Unique") -> Unique | R150: =IF(OR(H150=0,H150=1),"Valid","Invalid") -> Valid | S150: =IF(OR(I150=0,I150=1),"Valid","Invalid") -> Valid | T150: =IF(OR(J150=0,J150=1),"Valid","Invalid") -> Valid | U150: =IF(OR(K150=0,K150=1),"Valid","Invalid") -> Valid | V150: =IF(OR(N150=0,N150=1),"Valid","Invalid") -> Valid | W150: =IF(OR(L150<$B$23,L150>$B$24),"Outlier","Normal") -> Outlier
A151: USR-100150 | B151: 45700 | C151: Control | D151: West | E151: Mobile | F151: Paid Search | G151: Premium | H151: 0 | I151: 0 | J151: 0 | K151: 0 | L151: 0 | M151: 1 | N151: 0 | P151: 67.6 | Q151: =IF(COUNTIF($A$2:A151,A151)>1,"Duplicate","Unique") -> Unique | R151: =IF(OR(H151=0,H151=1),"Valid","Invalid") -> Valid | S151: =IF(OR(I151=0,I151=1),"Valid","Invalid") -> Valid | T151: =IF(OR(J151=0,J151=1),"Valid","Invalid") -> Valid | U151: =IF(OR(K151=0,K151=1),"Valid","Invalid") -> Valid | V151: =IF(OR(N151=0,N151=1),"Valid","Invalid") -> Valid | W151: =IF(OR(L151<$B$23,L151>$B$24),"Outlier","Normal") -> Outlier
A152: USR-100151 | B152: 45776 | C152: Control | D152: North | E152: Mobile | F152: Social | G152: Premium | H152: 1 | I152: 0 | J152: 0 | K152: 0 | L152: 0 | M152: 0 | N152: 0 | P152: 43.1 | Q152: =IF(COUNTIF($A$2:A152,A152)>1,"Duplicate","Unique") -> Unique | R152: =IF(OR(H152=0,H152=1),"Valid","Invalid") -> Valid | S152: =IF(OR(I152=0,I152=1),"Valid","Invalid") -> Valid | T152: =IF(OR(J152=0,J152=1),"Valid","Invalid") -> Valid | U152: =IF(OR(K152=0,K152=1),"Valid","Invalid") -> Valid | V152: =IF(OR(N152=0,N152=1),"Valid","Invalid") -> Valid | W152: =IF(OR(L152<$B$23,L152>$B$24),"Outlier","Normal") -> Outlier
A153: USR-100152 | B153: 45729 | C153: Control | D153: South | E153: Mobile | F153: Email | G153: Free | H153: 1 | I153: 0 | J153: 0 | K153: 0 | L153: 0 | M153: 0 | N153: 0 | P153: 58.3 | Q153: =IF(COUNTIF($A$2:A153,A153)>1,"Duplicate","Unique") -> Unique | R153: =IF(OR(H153=0,H153=1),"Valid","Invalid") -> Valid | S153: =IF(OR(I153=0,I153=1),"Valid","Invalid") -> Valid | T153: =IF(OR(J153=0,J153=1),"Valid","Invalid") -> Valid | U153: =IF(OR(K153=0,K153=1),"Valid","Invalid") -> Valid | V153: =IF(OR(N153=0,N153=1),"Valid","Invalid") -> Valid | W153: =IF(OR(L153<$B$23,L153>$B$24),"Outlier","Normal") -> Outlier
A154: USR-100153 | B154: 45692 | C154: Control | D154: East | E154: Desktop | F154: Paid Search | G154: Free | H154: 1 | I154: 0 | J154: 0 | K154: 0 | L154: 0 | M154: 0 | N154: 0 | P154: 69.8 | Q154: =IF(COUNTIF($A$2:A154,A154)>1,"Duplicate","Unique") -> Unique | R154: =IF(OR(H154=0,H154=1),"Valid","Invalid") -> Valid | S154: =IF(OR(I154=0,I154=1),"Valid","Invalid") -> Valid | T154: =IF(OR(J154=0,J154=1),"Valid","Invalid") -> Valid | U154: =IF(OR(K154=0,K154=1),"Valid","Invalid") -> Valid | V154: =IF(OR(N154=0,N154=1),"Valid","Invalid") -> Valid | W154: =IF(OR(L154<$B$23,L154>$B$24),"Outlier","Normal") -> Outlier
A155: USR-100154 | B155: 45720 | C155: Control | D155: South | E155: Mobile | F155: Referral | G155: Free | H155: 1 | I155: 1 | J155: 0 | K155: 0 | L155: 0 | M155: 0 | N155: 0 | Q155: =IF(COUNTIF($A$2:A155,A155)>1,"Duplicate","Unique") -> Unique | R155: =IF(OR(H155=0,H155=1),"Valid","Invalid") -> Valid | S155: =IF(OR(I155=0,I155=1),"Valid","Invalid") -> Valid | T155: =IF(OR(J155=0,J155=1),"Valid","Invalid") -> Valid | U155: =IF(OR(K155=0,K155=1),"Valid","Invalid") -> Valid | V155: =IF(OR(N155=0,N155=1),"Valid","Invalid") -> Valid | W155: =IF(OR(L155<$B$23,L155>$B$24),"Outlier","Normal") -> Outlier
A156: USR-100155 | B156: 45692 | C156: Control | D156: West | E156: Mobile | F156: Paid Search | G156: Basic | H156: 1 | I156: 1 | J156: 0 | K156: 0 | L156: 0 | M156: 0 | N156: 0 | P156: 41.9 | Q156: =IF(COUNTIF($A$2:A156,A156)>1,"Duplicate","Unique") -> Unique | R156: =IF(OR(H156=0,H156=1),"Valid","Invalid") -> Valid | S156: =IF(OR(I156=0,I156=1),"Valid","Invalid") -> Valid | T156: =IF(OR(J156=0,J156=1),"Valid","Invalid") -> Valid | U156: =IF(OR(K156=0,K156=1),"Valid","Invalid") -> Valid | V156: =IF(OR(N156=0,N156=1),"Valid","Invalid") -> Valid | W156: =IF(OR(L156<$B$23,L156>$B$24),"Outlier","Normal") -> Outlier
A157: USR-100156 | B157: 45727 | C157: Control | D157: North | E157: Desktop | F157: Organic | G157: Free | H157: 0 | I157: 0 | J157: 0 | K157: 0 | L157: 0 | M157: 0 | N157: 0 | P157: 33.1 | Q157: =IF(COUNTIF($A$2:A157,A157)>1,"Duplicate","Unique") -> Unique | R157: =IF(OR(H157=0,H157=1),"Valid","Invalid") -> Valid | S157: =IF(OR(I157=0,I157=1),"Valid","Invalid") -> Valid | T157: =IF(OR(J157=0,J157=1),"Valid","Invalid") -> Valid | U157: =IF(OR(K157=0,K157=1),"Valid","Invalid") -> Valid | V157: =IF(OR(N157=0,N157=1),"Valid","Invalid") -> Valid | W157: =IF(OR(L157<$B$23,L157>$B$24),"Outlier","Normal") -> Outlier
A158: USR-100157 | B158: 45769 | C158: Control | D158: West | E158: Mobile | F158: Organic | G158: Free | H158: 0 | I158: 0 | J158: 0 | K158: 0 | L158: 0 | M158: 0 | N158: 0 | P158: 58.6 | Q158: =IF(COUNTIF($A$2:A158,A158)>1,"Duplicate","Unique") -> Unique | R158: =IF(OR(H158=0,H158=1),"Valid","Invalid") -> Valid | S158: =IF(OR(I158=0,I158=1),"Valid","Invalid") -> Valid | T158: =IF(OR(J158=0,J158=1),"Valid","Invalid") -> Valid | U158: =IF(OR(K158=0,K158=1),"Valid","Invalid") -> Valid | V158: =IF(OR(N158=0,N158=1),"Valid","Invalid") -> Valid | W158: =IF(OR(L158<$B$23,L158>$B$24),"Outlier","Normal") -> Outlier
A159: USR-100158 | B159: 45724 | C159: Control | D159: North | E159: Desktop | F159: Paid Search | G159: Free | H159: 0 | I159: 0 | J159: 0 | K159: 0 | L159: 0 | M159: 0 | N159: 0 | P159: 55.7 | Q159: =IF(COUNTIF($A$2:A159,A159)>1,"Duplicate","Unique") -> Unique | R159: =IF(OR(H159=0,H159=1),"Valid","Invalid") -> Valid | S159: =IF(OR(I159=0,I159=1),"Valid","Invalid") -> Valid | T159: =IF(OR(J159=0,J159=1),"Valid","Invalid") -> Valid | U159: =IF(OR(K159=0,K159=1),"Valid","Invalid") -> Valid | V159: =IF(OR(N159=0,N159=1),"Valid","Invalid") -> Valid | W159: =IF(OR(L159<$B$23,L159>$B$24),"Outlier","Normal") -> Outlier
A160: USR-100159 | B160: 45726 | C160: Control | D160: East | E160: Mobile | F160: Organic | G160: Free | H160: 0 | I160: 0 | J160: 0 | K160: 0 | L160: 0 | M160: 2 | N160: 0 | P160: 64.9 | Q160: =IF(COUNTIF($A$2:A160,A160)>1,"Duplicate","Unique") -> Unique | R160: =IF(OR(H160=0,H160=1),"Valid","Invalid") -> Valid | S160: =IF(OR(I160=0,I160=1),"Valid","Invalid") -> Valid | T160: =IF(OR(J160=0,J160=1),"Valid","Invalid") -> Valid | U160: =IF(OR(K160=0,K160=1),"Valid","Invalid") -> Valid | V160: =IF(OR(N160=0,N160=1),"Valid","Invalid") -> Valid | W160: =IF(OR(L160<$B$23,L160>$B$24),"Outlier","Normal") -> Outlier
A161: USR-100160 | B161: 45795 | C161: Control | D161: North | E161: Desktop | F161: Paid Search | G161: Basic | H161: 0 | I161: 0 | J161: 0 | K161: 0 | L161: 0 | M161: 0 | N161: 0 | P161: 72.3 | Q161: =IF(COUNTIF($A$2:A161,A161)>1,"Duplicate","Unique") -> Unique | R161: =IF(OR(H161=0,H161=1),"Valid","Invalid") -> Valid | S161: =IF(OR(I161=0,I161=1),"Valid","Invalid") -> Valid | T161: =IF(OR(J161=0,J161=1),"Valid","Invalid") -> Valid | U161: =IF(OR(K161=0,K161=1),"Valid","Invalid") -> Valid | V161: =IF(OR(N161=0,N161=1),"Valid","Invalid") -> Valid | W161: =IF(OR(L161<$B$23,L161>$B$24),"Outlier","Normal") -> Outlier
A162: USR-100161 | B162: 45791 | C162: Control | D162: North | E162: Mobile | F162: Social | G162: Basic | H162: 0 | I162: 0 | J162: 0 | K162: 0 | L162: 0 | M162: 0 | N162: 0 | P162: 42.1 | Q162: =IF(COUNTIF($A$2:A162,A162)>1,"Duplicate","Unique") -> Unique | R162: =IF(OR(H162=0,H162=1),"Valid","Invalid") -> Valid | S162: =IF(OR(I162=0,I162=1),"Valid","Invalid") -> Valid | T162: =IF(OR(J162=0,J162=1),"Valid","Invalid") -> Valid | U162: =IF(OR(K162=0,K162=1),"Valid","Invalid") -> Valid | V162: =IF(OR(N162=0,N162=1),"Valid","Invalid") -> Valid | W162: =IF(OR(L162<$B$23,L162>$B$24),"Outlier","Normal") -> Outlier
A163: USR-100162 | B163: 45689 | C163: Control | D163: North | E163: Mobile | F163: Organic | G163: Free | H163: 0 | I163: 0 | J163: 0 | K163: 0 | L163: 0 | M163: 0 | N163: 0 | Q163: =IF(COUNTIF($A$2:A163,A163)>1,"Duplicate","Unique") -> Unique | R163: =IF(OR(H163=0,H163=1),"Valid","Invalid") -> Valid | S163: =IF(OR(I163=0,I163=1),"Valid","Invalid") -> Valid | T163: =IF(OR(J163=0,J163=1),"Valid","Invalid") -> Valid | U163: =IF(OR(K163=0,K163=1),"Valid","Invalid") -> Valid | V163: =IF(OR(N163=0,N163=1),"Valid","Invalid") -> Valid | W163: =IF(OR(L163<$B$23,L163>$B$24),"Outlier","Normal") -> Outlier
A164: USR-100163 | B164: 45758 | C164: Control | D164: South | E164: Mobile | F164: Organic | G164: Basic | H164: 0 | I164: 0 | J164: 0 | K164: 0 | L164: 0 | M164: 1 | N164: 0 | P164: 64.8 | Q164: =IF(COUNTIF($A$2:A164,A164)>1,"Duplicate","Unique") -> Unique | R164: =IF(OR(H164=0,H164=1),"Valid","Invalid") -> Valid | S164: =IF(OR(I164=0,I164=1),"Valid","Invalid") -> Valid | T164: =IF(OR(J164=0,J164=1),"Valid","Invalid") -> Valid | U164: =IF(OR(K164=0,K164=1),"Valid","Invalid") -> Valid | V164: =IF(OR(N164=0,N164=1),"Valid","Invalid") -> Valid | W164: =IF(OR(L164<$B$23,L164>$B$24),"Outlier","Normal") -> Outlier
A165: USR-100164 | B165: 45702 | C165: Control | D165: East | E165: Mobile | F165: Organic | G165: Free | H165: 0 | I165: 0 | J165: 0 | K165: 0 | L165: 0 | M165: 0 | N165: 0 | P165: 72.1 | Q165: =IF(COUNTIF($A$2:A165,A165)>1,"Duplicate","Unique") -> Unique | R165: =IF(OR(H165=0,H165=1),"Valid","Invalid") -> Valid | S165: =IF(OR(I165=0,I165=1),"Valid","Invalid") -> Valid | T165: =IF(OR(J165=0,J165=1),"Valid","Invalid") -> Valid | U165: =IF(OR(K165=0,K165=1),"Valid","Invalid") -> Valid | V165: =IF(OR(N165=0,N165=1),"Valid","Invalid") -> Valid | W165: =IF(OR(L165<$B$23,L165>$B$24),"Outlier","Normal") -> Outlier
...

Sheet Data_Quality_Check
A1: Total Users | B1: =COUNTA(experiment_data!A:A)-1 -> 1408 | D1: Revenue Outlier Detection
A2: Control Group Users | B2: =COUNTIF(experiment_data!C:C,"Control") -> 693 | D2: Q1 | E2: =_xlfn.QUARTILE.INC(experiment_data!L:L,1) -> 0
A3: Treatment Group Users | B3: =COUNTIF(experiment_data!C:C,"Treatment") -> 715 | D3: Q3 | E3: =_xlfn.QUARTILE.INC(experiment_data!L:L,3) -> 0
A4: Missing User IDs | B4: =COUNTBLANK(experiment_data!A2:A1409) -> 0 | D4: IQR | E4: =E3-E2 -> 0
A5: Missing Region | B5: =COUNTBLANK(experiment_data!D2:D1409) -> 0 | D5: Lower Bound | E5: =E2-(1.5*E4) -> 0
A6: Missing Device Type | B6: =COUNTBLANK(experiment_data!E2:E1409) -> 18 | D6: Upper Bound | E6: =E3+(1.5*E4) -> 0
A7: Missing Traffic Source | B7: =COUNTBLANK(experiment_data!F2:F1409) -> 24
A8: Missing Plan Type | B8: =COUNTBLANK(experiment_data!G2:G1409) -> 0
A9: Missing Revenue | B9: =COUNTBLANK(experiment_data!L2:L1409) -> 0
A10: Missing Days to Convert | B10: =COUNTBLANK(experiment_data!O2:O1409) -> 1336
A11: Missing Engagement Score | B11: =COUNTBLANK(experiment_data!P2:P1409) -> 14
A12: Count duplicates: | B12: =COUNTIF(experiment_data!Q:Q,"Duplicate") -> 8
A13: Trial Count invalid: | B13: =COUNTIF(experiment_data!S:S,"Invalid") -> 0
A14: Onboarding Count invalid: | B14: =COUNTIF(experiment_data!T:T,"Invalid") -> 0
A15: Conversion Count invalid: | B15: =COUNTIF(experiment_data!U:U,"Invalid") -> 0
A16: Refund Count invalid: | B16: =COUNTIF(experiment_data!V:V,"Invalid") -> 0
A17: Revenue Count outliers: | B17: =COUNTIF(experiment_data!W:W,"Outlier") -> 1408

Sheet Summary_Metrics
A1: Metric | C1: Control | E1: Treatment
A2: User Count | C2: =COUNTIF(experiment_data!C:C,"Control") -> 693 | E2: =COUNTIF(experiment_data!C:C,"Treatment") -> 715
A3: Landing Page Visit Rate | C3: =COUNTIFS(experiment_data!C:C,"Control",experiment_data!H:H,1)/COUNTIF(experiment_data!C:C,"Control") -> 0.63636364 | E3: =COUNTIFS(experiment_data!C:C,"Treatment",experiment_data!H:H,1)/COUNTIF(experiment_data!C:C,"Treatment") -> 0.72587413
A4: Trial Start Rate | C4: =COUNTIFS(experiment_data!C:C,"Control",experiment_data!I:I,1)/COUNTIF(experiment_data!C:C,"Control") -> 0.25108225 | E4: =COUNTIFS(experiment_data!C:C,"Treatment",experiment_data!I:I,1)/COUNTIF(experiment_data!C:C,"Treatment") -> 0.29090909
A5: Onboarding Completion Rate | C5: =COUNTIFS(experiment_data!C:C,"Control",experiment_data!J:J,1)/COUNTIF(experiment_data!C:C,"Control") -> 0.15584416 | E5: =COUNTIFS(experiment_data!C:C,"Treatment",experiment_data!J:J,1)/COUNTIF(experiment_data!C:C,"Treatment") -> 0.21258741
A6: Paid Conversion Rate | C6: =COUNTIFS(experiment_data!C:C,"Control",experiment_data!K:K,1)/COUNTIF(experiment_data!C:C,"Control") -> 0.031746032 | E6: =COUNTIFS(experiment_data!C:C,"Treatment",experiment_data!K:K,1)/COUNTIF(experiment_data!C:C,"Treatment") -> 0.06993007
A7: Average Revenue Per User (ARPU) | C7: =SUMIFS(experiment_data!L:L,experiment_data!C:C,"Control")/COUNTIF(experiment_data!C:C,"Control") -> 51.749322 | E7: =SUMIFS(experiment_data!L:L,experiment_data!C:C,"Treatment")/COUNTIF(experiment_data!C:C,"Treatment") -> 53.875119
A8: Average Revenue Per Converted User | C8: =SUMIFS(experiment_data!L:L,experiment_data!C:C,"Control")/COUNTIFS(experiment_data!C:C,"Control",experiment_data!K:K,1) -> 1630.1036 | E8: =SUMIFS(experiment_data!L:L,experiment_data!C:C,"Treatment")/COUNTIFS(experiment_data!C:C,"Treatment",experiment_data!K:K,1) -> 770.4142
A9: Refund Rate | C9: =COUNTIFS(experiment_data!C:C,"Control",experiment_data!N:N,1)/COUNTIF(experiment_data!C:C,"Control") -> 0 | E9: =COUNTIFS(experiment_data!C:C,"Treatment",experiment_data!N:N,1)/COUNTIF(experiment_data!C:C,"Treatment") -> 0.0041958042
A10: Support Ticket Rate | C10: =AVERAGEIFS(experiment_data!M:M,experiment_data!C:C,"Control") -> 0.21933622 | E10: =AVERAGEIFS(experiment_data!M:M,experiment_data!C:C,"Treatment") -> 0.37202797
A11: Average Engagement Score | C11: =AVERAGEIFS(experiment_data!P:P,experiment_data!C:C,"Control") -> 57.026201 | E11: =AVERAGEIFS(experiment_data!P:P,experiment_data!C:C,"Treatment") -> 62.931966
A12: Average Days to Convert | C12: =AVERAGEIFS(experiment_data!O:O,experiment_data!C:C,"Control",experiment_data!K:K,1) -> 8.8636364 | E12: =AVERAGEIFS(experiment_data!O:O,experiment_data!C:C,"Treatment",experiment_data!K:K,1) -> 6.4

Sheet Segment_Analysis
A1: Control Conversions | D1: Control Conversion Rate
A2: =COUNTIFS(experiment_data!C:C,"Control",experiment_data!K:K,1) -> 22 | D2: =A2/A6 -> 0.031746032
A3: Treatment Conversions
A4: =COUNTIFS(experiment_data!C:C,"Treatment",experiment_data!K:K,1) -> 50 | D4: Treatment Conversion Rate
A5: Control Users | D5: =A4/A8 -> 0.06993007
A6: =COUNTIF(experiment_data!C:C,"Control") -> 693
A7: Treatment Users | D7: Pooled Conversion Rate
A8: =COUNTIF(experiment_data!C:C,"Treatment") -> 715 | D8: =(A2+A4)/(A6+A8) -> 0.051136364
D10: Standard Error
D11: =SQRT(D8*(1-D8)*((1/A6)+(1/A8))) -> 0.011742174
D13: Z Score
D15: =(D5-D2)/D11 -> 3.2518713
D16: P Value
D17: =1-_xlfn.NORM.S.DIST(D15,TRUE) -> 0.00057323969
D19: Decision
D20: =IF(D17<0.05,"Reject Null Hypothesis","Fail to Reject Null Hypothesis") -> Reject Null Hypothesis

Sheet Region Conversion Analysis
A3: Average of converted_to_paid | B3: Column Labels
A4: Row Labels | B4: Control | C4: Treatment | D4: Grand Total
A5: East | B5: 0.025316456 | C5: 0.063953488 | D5: 0.045454545
A6: North | B6: 0.034482759 | C6: 0.088888889 | D6: 0.060052219
A7: South | B7: 0.032608696 | C7: 0.076086957 | D7: 0.054347826
A8: West | B8: 0.033783784 | C8: 0.05027933 | D8: 0.042813456
A9: Grand Total | B9: 0.031746032 | C9: 0.06993007 | D9: 0.051136364

Sheet Device Type Conversion Analysis
A3: Average of converted_to_paid | B3: Column Labels
A4: Row Labels | B4: Control | C4: Treatment | D4: Grand Total
A5: Desktop | B5: 0.045 | C5: 0.065420561 | D5: 0.055555556
A6: Mobile | B6: 0.025700935 | C6: 0.073394495 | D6: 0.049768519
A7: Tablet | B7: 0.017857143 | C7: 0.071428571 | D7: 0.044642857
A8: (blank) | B8: 0.11111111 | C8: 0 | D8: 0.055555556
A9: Grand Total | B9: 0.031746032 | C9: 0.06993007 | D9: 0.051136364

Sheet Traffic Source Conversion Analy
A3: Average of converted_to_paid | B3: Column Labels
A4: Row Labels | B4: Control | C4: Treatment | D4: Grand Total
A5: Email | B5: 0.027027027 | C5: 0.071428571 | D5: 0.046153846
A6: Organic | B6: 0.020325203 | C6: 0.062240664 | D6: 0.041067762
A7: Paid Search | B7: 0.012820513 | C7: 0.0625 | D7: 0.039156627
A8: Referral | B8: 0.024691358 | C8: 0.10989011 | D8: 0.069767442
A9: Social | B9: 0.076923077 | C9: 0.060150376 | D9: 0.068441065
A10: (blank) | B10: 0.16666667 | C10: 0.11111111 | D10: 0.125
A11: Grand Total | B11: 0.031746032 | C11: 0.06993007 | D11: 0.051136364

Sheet Plan Type Conversion Analysis
A3: Average of converted_to_paid | B3: Column Labels
A4: Row Labels | B4: Control | C4: Treatment | D4: Grand Total
A5: Basic | B5: 0.035874439 | C5: 0.038297872 | D5: 0.037117904
A6: Free | B6: 0.030470914 | C6: 0.092391304 | D6: 0.061728395
A7: Premium | B7: 0.027522936 | C7: 0.0625 | D7: 0.045248869
A8: Grand Total | B8: 0.031746032 | C8: 0.06993007 | D8: 0.051136364

Sheet business_context
A1: Item | B1: Description
A2: Business context | B2: A subscription product tested a new onboarding and activation campaign against the existing experience.
A3: Control | B3: Existing onboarding experience.
A4: Treatment | B4: New campaign experience.
A5: Primary decision | B5: Decide whether to launch, reject, continue testing, or launch only for selected segments.
A6: visited_landing_page | B6: 1 if the user visited the landing page after signup; otherwise 0.
A7: started_trial | B7: 1 if the user started a trial; otherwise 0.
A8: completed_onboarding | B8: 1 if the user completed onboarding; otherwise 0.
A9: converted_to_paid | B9: 1 if the user became a paid customer; otherwise 0.
A10: revenue_30d | B10: Revenue generated within 30 days of signup.
A11: support_tickets_30d | B11: Number of support tickets raised within 30 days.
A12: refund_requested | B12: 1 if the user requested a refund; otherwise 0.
... A14: Guardrail caution | B14: A better conversion rate may still be risky if refunds, support tickets, or low-quality revenue increase.
